Company Name,Category,Phone Number,Email ID,Address,Website,Search Query
Safreena Earthing Solution,Industrial consultant,098102 89947,safreenaearthing.india@gmail.com,"
C - 355, C Block, Sector 10, Noida, Uttar Pradesh 201301",http://www.safreenaearthing.com/,earthing electrode suppliers Delhi NCR
Ashoka Earthing Systems,Earth works company,,ashokaearthingsystems@gmail.com,"
chauhan complex, village : SADARPUR, Sadarpur, Sector-45, Noida, Uttar Pradesh 201303",https://ashokaearthing.in/,earthing electrode suppliers Delhi NCR
Protect Power India Pvt Ltd.,Electrical equipment supplier,082852 65506,info@ppiearthing.com,"
Khasra No. 1088, Vikas Nagar, Ghukna, Ghaziabad, Uttar Pradesh 201003",http://www.ppiearthing.com/,earthing electrode suppliers Delhi NCR
"Chemical_Earthing_Electrode,Earthing GEM,Gel Earthing,Earthing Kit",Electrical supply store,,,"
Govind Hospital, Unit 3, Line 1/3 Khandsa Road Opp. Sec 10A Market, Gurugram, Haryana 122001",https://www.indiamart.com/roksna-india/,earthing electrode suppliers Delhi NCR
Reliable Earthing Solution,Electrical equipment supplier,097180 00802,,"
RELIABLE EARTHING SOLUTION, Faridabad - Noida - Ghaziabad Expy, KRISHNA ENCLAVE, Sector 121, Noida, Uttar Pradesh 201316",,earthing electrode suppliers Delhi NCR
As Electricals - Coppers and Earthing Rods Supplier,Copper Supplier,095409 10091,,"
F-41, Sector 9, Noida, Uttar Pradesh 201301",https://www.aselectricalsnoida.in/,earthing electrode suppliers Delhi NCR
SBS Power & Earthing Solutions | Earthing Contractor & Lightning Protection,Electrical installation service,093501 47264,"sb.sbspower@gmail.com, surelybestsafety@gmail.com","
ground floor, 293, Sadarpur, Sector-45, Noida, Uttar Pradesh 201303",https://sbsearthing.com/,earthing electrode suppliers Delhi NCR
𝑹𝑹𝑹 𝑬𝒍𝒆𝒄𝒕𝒓𝒊𝒄𝒂𝒍𝒔,Industrial equipment supplier,097113 88694,info@rrrelectricals.com,"
F 25, F Block, Sector 8, Noida, Uttar Pradesh 201301",http://www.rrrelectricals.com/,earthing electrode suppliers Delhi NCR
Kartar Singh & Co.,Electronics store,098990 45610,,"
UG-1, Krishna Palace, Basai Rd, near Sohna Chowk, Krishna Palace, Prem Nagar, Sector 11, Gurugram, Haryana 122001",,earthing electrode suppliers Delhi NCR
VTR Infotech Private Limited,Safety equipment supplier,070118 74794,,"
410, 3rd Floor, Shopprix Mall Vaishali, Sector 5, Vaishali, Ghaziabad, Uttar Pradesh 201019",http://vtrinfotech.net.in/,earthing electrode suppliers Delhi NCR
"SN Engineering – Earthing, Lightning Protection, Gas Generator & Dual Fuel Kit Supplier",Electric generator shop,099906 45119,"earthingss@gmail.com, snlightningprotection@gmail.com, earthingprojects@gmail.com",,https://www.chemicalearthingelectrode.com/,earthing electrode suppliers Delhi NCR
VEEWELL INDUSTRIES PRIVATE LIMITED,Electrical equipment supplier,1800 572 1780,vps@vee-well.com,"
RZ-3-C, Dev kunj, Raj Nagar II Extension, Palam, New Delhi, Delhi, 110077",http://www.veewell.com/,earthing electrode suppliers Delhi NCR
"AKAALTECH,MAINTENANCE FREE EARTHING ELECTRODES in Faridabad,COPPER BONDED UL LISTED RODS in faridabad,ese lightning arrester",Electronics Engineer,099996 31369,akaaltech@gmail.com,"
E-141, Mehrauli - Badarpur Rd, Block G, Vishwakarma Colony, Pul Pehladpur, New Delhi, Delhi 110044",https://akaaltech.in/,earthing electrode suppliers Delhi NCR
Earthing World Marconite Earthing - Best Earthing in the World,Electrical installation service,,info@earthing.world,"
L2/82, GF, New Mahavir Nagar, Tilak Nagar, Delhi, 110018",https://earthing.world/,electrical earthing shops Delhi
Gmax Electric,098105 05530,"
R33, Main Bindapur Matiyala Rd, Vikas Vihar, New Uttam Nagar, Uttam Nagar, New Delhi, Delhi, 110059"
Power Gem-Gp Electrotech!! Earthing Contractor in Delhi,098184 35286,"
G, PHASE G, BLOCK 52/7, near NAJAFAGARH, Jai Vihar, Delhi, 110043"
VPS Earthing Electrodes,092784 71701,"
A-1 Sanjay Nagar, Mahendra Park, Delhi, 110033"
GAURAV ELECTROMECH,090691 38425,"
Shop No. 412/3, Sh, Sukhlal Market, MCD Parking, Bhd Main, Shiva Market, Pitampura Village, Harsh Vihar, Pitampura, Delhi, 110034"
Link Electricals Bharath,093100 48750,"
Shop No. 1853/1 Hari Ram Market, Bhagirath Palace, Chandni Chowk, New Delhi, Delhi 110006"
Balaji Earthing Store,092507 32037,"
1564, 1, Gurudwara Rd, near Allahabad Bank, Tula Nagar, Kotla Mubarakpur, New Delhi, Delhi 110049"
SG Power Products Pvt. Limited,088008 03930,"
The Iconic Corenthum Plot, 17th floor, L, 17-1714B, Sector 62, Noida, Uttar Pradesh 201309"
"Indersons - New Delhi's Top Electrical Wholesaler for Wires & Cables, Modular Switches, MCBs, BLDC Fans and misc accessories.",Electrical products wholesaler,011 4724 3000,,"
S-11, near Pappu Sweets, Janta Market, Rajouri Garden, New Delhi, Delhi, 110027",http://www.indersonsindia.com/,electrical earthing shops Delhi
PRENAV INDIA PRIVATE LIMITED,08071 930 465,"
C - 10, Sector 18, Lawrence Road Industrial Area, Keshav Puram, Tri Nagar, Delhi, 110035"
power earthing electrode,,
Aroindia Electromech Pvt. Ltd.,098183 66017,"
A-117, Sewak park, Dwarka More, Near Metro Pillar no. 783, New Delhi, Delhi 110059"
"PSS ENTERPRISES, Chemical Earthing, Electrode Dealers & Traders, manufactures Sector-45Noida",080101 19871,"
opposite Wamson Gama Flats & Coliving PG, Village Chhalera & Sadarpur, Sector-45, Noida, Uttar Pradesh 201303"
G S Power Controls,078358 84625,"
C-38, Naresh Park Extn. Industrial Area, Najafgarh Road, Nangloi., Delhi, 110041"
Intertech Marconite Earthing - Best Earthing in the World,011 4102 0365,"
2nd Floor, Flatted Factory Complex, B-83, near Okhla Subzi Mandi, Okhla Sabzi Mandi, Okhla Industrial Estate, New Delhi, Delhi 110020"
Allied Power Solutions,080 4876 2121,"
Pankaj Corner Plaza, T-1 to T-6, Third, 3, I.P.Extension, Patparganj, Delhi, 110092"
Star Earthing International,Store,099995 57452,,"
Block T, Om Vihar, Uttam Nagar, New Delhi, Delhi, 110059",,electrical earthing shops Delhi
Earthingz,093190 65472,"
Building no. 944, Phase -1, Block C, Sushant Lok Phase I, Sector 43, Gurugram, Haryana 122009"
Edison Electric,098213 38609,"
Indra Complex, Plot No. 47, Kheri Rd, Greater, Indra Complex Colony, Sector 87, Neharpar Faridabad, Faridabad, Haryana 121014"
Euro Tapes Private Limited/ Euro Technologies,080 4603 0875,"
Shop No G-5,vardhman Fortune Mall,near Dilkhush Industrial Estate G T, GT Karnal Rd, opposite hans cinema, Delhi, 110033"
Goldy Minerals,098185 43288,"
523/16, Block W, Basai Dara pur, Bali Nagar, New Delhi, Delhi, 110015"
Durga Shakti Welding Accessories (India),,"
Rithala, Rohini, Delhi, 110085"
Oriental Star Earthing Solutions,098735 71969,"
Shop No: 4 & 5, Shree Ram Complex, Bus Stand, Main, IMT Rd, near Bikaner Sweet, Hayatpur, Sector 94, Gurugram, Haryana 122505"
Sharma Electricals - Best Electrical Shop In Peera Garhi Delhi,Electrical supply store,099583 63666,,"
D-182, Near Peera Garhi Metro station, Rohtak Road, Peera Garhi, Delhi 110041",,electrical earthing shops Delhi
S.S Earthing Construction,075586 40060,"
H.No.307, Industrial Area, 5/35, Block A, Indira Colony, Kirti Nagar, New Delhi, Delhi, 110015"
Oriental Star Earthing Solutions,073030 92613,"
Office No. - 489, Four Story Quarters, A Block, Vishal Enclave, Tagore Garden Extension, New Delhi, Delhi, 110027"
KSR Earthing Solutions,099111 62288,"
shree ram chock, Shiv Vihar Rd, Vikas Nagar, Uttam Nagar, Hastsal, New Delhi, Delhi, 110059"
Arete Powertech,099109 04079,"
H 143, gurunanak market, Mehrauli - Badarpur Rd, Lal Kuan, New Delhi, Delhi 110044"
HiTech Earthing System | Earthing Company in Noida | Gi Copper Rod Lighting Arrester Black Fill Compound Electrode in Up,075720 75825,"
Simboic homes, near Water Tank Road, near old court, Nagla Charan Dass, old court, Phase-2, Noida, Uttar Pradesh 201305"
UniEarth Earthing Solutions Pvt Ltd,011 4505 4847,"
Plot no. 3 , Road no. 35 (Main Rohtak Road), West Punjabi Bagh, New Delhi, Delhi 110026"
Star Earthing International,099995 57452,"
Block T, Om Vihar, Uttam Nagar, New Delhi, Delhi, 110059"
Chemical Earthing Lightning arrester Solar BOS Item Strip - True Power,073070 61426,"
D 242, Sector 63 Rd, D Block, Sector 63, Noida, Uttar Pradesh 201309"
SINGH EARTHING SYSTEM,097189 43900,"
C-160/30, Block C Sector-45, Noida, Uttar Pradesh 201303, Noida, Uttar Pradesh 201301"
super electronics pvt ltd,Refrigerator store,085100 06341,,"
44/2 b, Outer Ring Rd, Krishna Puri, Krishna Park, Krishna Park Extension, Vikaspuri, Delhi, 110018",https://www.sony.co.in/microsite/retailstores/,electrical earthing shops Delhi
V. G. EARTHING ELECTRODE & ELECTRICAL,090341 83991,"
Plot No- 54, Rai, Near Udyog Kunj, Sonipat, Haryana 131029"
Oriental Star Earthing Solutions,073030 92612,"
Sikanderpur Gurugram, Mehrauli-Gurugram Road, Near Metro Pillar Number 58, Sikanderpur, shop no-4, DS Tower, Sikandarpur , Gurugram Delhi, Haryana 122002"
MA ENTERPRISES & EARTHING SOLUTIONS,,"
Delhi, NCR, Ghazipur Dairy Farm, Ghazipur, New Delhi, Delhi 110096"
Earthing in Ghaziabad,098975 72049,"
S12A D242, B Block, Sector 63, Noida, Uttar Pradesh 201309"
Power One Earthing System,082494 13884,"
K.no, 197, Sihani Rd, Vidya Vihar, Sihani Chungi, Bhram Puri, Ghukna, Ghaziabad, Uttar Pradesh 201003"
ADHYA ELECTROTECH,099101 82223,"
BNo RZ H-253 RAJ NAGAR, PART-2, Palam Colony, Palam, New Delhi, Delhi 110077"
"BestofElectricals.com, online electrical shop for branded and genuine bijli items. Supplies pan India. COD available.",Store,011 4724 3000,sales@bestofelectricals.com,"
S-11, Janta Market, Rajouri Garden, Delhi, 110027",https://www.bestofelectricals.com/,electrical earthing shops Delhi
Ashoka Earthing Systems,,"
chauhan complex, village : SADARPUR, Sadarpur, Sector-45, Noida, Uttar Pradesh 201303"
Safety World Earthing System,087096 36346,"
K.no.29,Garhi Guldar, Meerut Rd, Raj Nagar Extension, Ghaziabad, Uttar Pradesh 201003"
"Chemical_Earthing_Electrode,Earthing GEM,Gel Earthing,Earthing Kit",,"
Govind Hospital, Unit 3, Line 1/3 Khandsa Road Opp. Sec 10A Market, Gurugram, Haryana 122001"
PROTECH EARTHING PRIVATE LIMITED,099905 55549,"
Plot no-264, Udyog Kendra 1, Ecotech III, Greater Noida, Khera Choganpur, Uttar Pradesh 201318"
Karytron Electricals Private Limited,Electrical installation service,093155 20262,,"
National Market, 487/36, National Market, Peeragarhi Village, Paschim Vihar, Delhi, 110087",https://karytron.co/,electrical earthing shops Delhi
M/S Hale Metal And Electro,096727 68874,"
Plot No- 683, Gali No. 3, Saini Vihar, Gauri Shankar Enclave, Mundka, Delhi, 110041"
Arora electricals and Hardware store,Electrical supply store,099106 25658,,"
C 7, Mangolpuri Industrial Area Phase II, Phase 2, Pocket C, Industrial Area, Mangolpuri, Delhi, 110034",https://arora-electricals.grexa.site/,electrical earthing shops Delhi
Superb Electronics,098109 59698,"
RZ-9, Manas Kunj, New Uttam Nagar, Uttam Nagar, New Delhi, Delhi, 110059"
Earthing World Marconite Earthing - Best Earthing in the World,,"
L2/82, GF, New Mahavir Nagar, Tilak Nagar, Delhi, 110018"
Power Factor Shop,Electrical supply store,097170 05541,"info@petzcreation.com, support@powerfactorshop.com","
A-8, Industrial Area Phase I, Block A, Naraina Industrial Area Phase 1, Naraina, New Delhi, Delhi 110028",https://www.powerfactorshop.com/,electrical earthing shops Delhi
adya security,078385 54791,"
shop no 3, Ramdutt Enclave, A 93, West, Block E, Uttam Nagar East, Uttam Nagar, Delhi, 110059"
S.K. Refrigeration,Appliance store,098118 83216,,"
Metro Pillar No.533, 1/1, Double Storey, Main Najafgarh Road, Chatrapati, Shivaji Marg, Janakpuri, New Delhi, Delhi 110058",,electrical earthing shops Delhi
Earth Electricals,Electrical supply store,098114 47799,,"
A-1, Ali Extension, Sarita Vihar, New Delhi, Delhi 110076",,electrical earthing shops Delhi
"Indersons - New Delhi's Top Electrical Wholesaler for Wires & Cables, Modular Switches, MCBs, BLDC Fans and misc accessories.",011 4724 3000,"
S-11, near Pappu Sweets, Janta Market, Rajouri Garden, New Delhi, Delhi, 110027"
super electronics pvt ltd,085100 06341,"
44/2 b, Outer Ring Rd, Krishna Puri, Krishna Park, Krishna Park Extension, Vikaspuri, Delhi, 110018"
Anugrah Electronics & Appliances,Electronics store,011 2704 4500,,"
E-1 Pocket, Harlal Market, Shop No. 21-23, Maharaja Agrasen Marg, Sector 7, Rohini, Delhi, 110085",,electrical earthing shops Delhi
Earth Electricals,098114 47799,"
A-1, Ali Extension, Sarita Vihar, New Delhi, Delhi 110076"
Sharma Electricals - Best Electrical Shop In Peera Garhi Delhi,099583 63666,"
D-182, Near Peera Garhi Metro station, Rohtak Road, Peera Garhi, Delhi 110041"
Panasonic Preferred Partner Vn Agencies (Pvt) Ltd - Unit Of Uni Electro,,"
Main Road, Shaheed Chandra Marg, WZ Block, Uttam Nagar, New Delhi, Delhi, 110059"
"BestofElectricals.com, online electrical shop for branded and genuine bijli items. Supplies pan India. COD available.",011 4724 3000,"
S-11, Janta Market, Rajouri Garden, Delhi, 110027"
Superb Electronics,Electronic parts supplier,098109 59698,,"
RZ-9, Manas Kunj, New Uttam Nagar, Uttam Nagar, New Delhi, Delhi, 110059",http://www.superbonline.in/,electrical earthing shops Delhi
Disk Electronics,098189 95322,"
Disk Electronics, WZ-H-81, Gali No. 6, Sant Nagar, Extn, Tilak Nagar, New Delhi, Delhi, 110018"
SJ Electrical,097174 08778,"
DWARKA Sector 23, Village, near Bharna KUA, Pochanpur Colony, New Delhi, Delhi 110077"
Karytron Electricals Private Limited,093155 20262,"
National Market, 487/36, National Market, Peeragarhi Village, Paschim Vihar, Delhi, 110087"
Havells Authorised Partner - Shakti Electricals,Electrical supply store,080 4698 4945,,"
Shop No 230, nearby Vishal Mega Mart, Block B, Pocket 00, Sector 1, Rohini, New Delhi, Delhi, 110085",https://partners.havells.com/havells/new-delhi/Rohini/havells-authorised-partner-shakti-electricals-in-Rohini-new-delhi--54fcrp/home,electrical earthing shops Delhi
Anugrah Electronics & Appliances,011 2704 4500,"
E-1 Pocket, Harlal Market, Shop No. 21-23, Maharaja Agrasen Marg, Sector 7, Rohini, Delhi, 110085"
Power Factor Shop,097170 05541,"
A-8, Industrial Area Phase I, Block A, Naraina Industrial Area Phase 1, Naraina, New Delhi, Delhi 110028"
Gleam Light India Pvt. Ltd.,088003 86366,"
12B Block -A, Rohtak Rd, behind Kanishka Garden, Amar Colony, Nangloi, New Delhi, Delhi 110041"
Swasthi Earthing Solutions,080 4801 8868,"
A-53, Shop No. 2, GT Karnal Road Jahangirpuri, Industrial Area, Azadpur, Delhi, 110033"
Havells Authorised Partner - Shakti Electricals,080 4698 4945,"
Shop No 230, nearby Vishal Mega Mart, Block B, Pocket 00, Sector 1, Rohini, New Delhi, Delhi, 110085"
Gleam Light India Pvt. Ltd.,Telecommunications equipment supplier,088003 86366,info@gleamlightindia.com,"
12B Block -A, Rohtak Rd, behind Kanishka Garden, Amar Colony, Nangloi, New Delhi, Delhi 110041",https://www.gleamlightindia.com/,electrical earthing shops Delhi
Ess Ess International,011 2362 8092,"
13 India, Jhandewalan Extension, New Seelampur Phase II, Jhandewalan, New Delhi, Delhi 110055"
Techcart Integrated Solutions Private Limited,099106 00023,"
133, Manas Kunj Rd, near N R JINDAL PUBLIC SCHOOL, New Uttam Nagar, Uttam Nagar, New Delhi, Delhi, 110059"
Bharat Electrical Industries,080 4860 2935,"
41, Phase 2, Pocket A, Industrial Area, Mangolpuri, Delhi, 110083"
Bharat Electrical Industries,Electrical products wholesaler,080 4860 2935,,"
41, Phase 2, Pocket A, Industrial Area, Mangolpuri, Delhi, 110083",https://www.hosperelectric.com/,electrical earthing shops Delhi
Ess Ess International,Electrical supply store,011 2362 8092,,"
13 India, Jhandewalan Extension, New Seelampur Phase II, Jhandewalan, New Delhi, Delhi 110055",,electrical earthing shops Delhi
Kamal Heavy Electric Works & Maintenance-free chemical Earthing,Electric motor repair shop,098110 79633,,"
S-14, A-112 J.J.R. Camp, Okhla Industrial Area Phase-2, New Delhi, Delhi 110020",,electrical earthing shops Delhi
Saroop Industries,Auto parts store,098111 95059,saroopindustries@gmail.com,"
B-15, Mangolpuri Industrial Area Phase II, Phase 2, Pocket B, Industrial Area, Mangolpuri, New Delhi, Delhi, 110083",https://www.saroopindustries.com/,electrical earthing shops Delhi
Prakash Refrigeration & Electrical,Air conditioning repair service,098188 30314,,"
14, 16, Block 48, Ashok Nagar, Delhi, 110018",,electrical earthing shops Delhi
Genius Protection System Pvt Ltd - Munirka,,"
248 A, Rati Complex, Rama Market, Munirka, Delhi 110067"
S K Super Enamelled Copper Wire,011 5621 0250,"
Shop: Wz 166, Block WZ, Basai Dara pur, Bali Nagar, Delhi, 110015"
Power Earthing Electrode,087508 15137,"
OFFICE NO 12, TOWER-A, Janakpuri West, Janakpuri District Center, Janakpuri, Delhi, 110058"
Renown Electrical System Pvt. Ltd.,,"
E-20 1st Floor, Block E, Noida Sector 3, Noida, Uttar Pradesh 201301"
Empire Earthing Power,096546 99395,"
gate no. 2, Khasra no. 64, Tigri, Roza Jalalpur Village, Greater Noida, Ghaziabad, Uttar Pradesh 203207"
JMV LPS Limited,0120 459 0000,"
W-50, Buddh Vihar, W Block, Sector 11, Noida, Uttar Pradesh 201301"
GI Earthing Strips : Atul Casting and Metal Works,098733 61672,"
50/14, Gali Number 1, Anand Parbat Industrial Area, Anand Parbat, New Delhi, Delhi, 110005"
SRS ENTERPRISES,099994 22324,"
Block K, UPSIDC Site B, Surajpur, Greater Noida, Uttar Pradesh 201306"
Laxmi Power Solutions,099116 66701,"
Plot No. 10, Gali No. 5, Malerna Rd, opposite Beri Ka Bagh, Industrial Area, Sector 60, Ballabhgarh, Faridabad, Haryana 121004"
Ennob Infraa Solution,088822 22777,"
Plot No. 24, Surajpur - Kasna Rd, Udyog Vihar Extension, Ecotech-II, Udyog Vihar, Greater Noida, Uttar Pradesh 201306"
Jey Tee Power Plus Private Limited,098111 59816,"
383, Mukund Nagar, Patel Nagar, Ghaziabad, Uttar Pradesh 201001"
SHAKTI WINDING WIRES,Copper Supplier,098115 35859,shaktiwires@gmail.com,"
56A, 9, Rama Rd, Kirti Nagar Industrial Area, Kirti Nagar, New Delhi, Delhi, 110015",http://www.shaktiwires.com/,copper earthing electrode resellers Delhi
SG Power Products Pvt. Limited,098180 74274,"
E-23, Arya Nagar, Daulatpura, Ghaziabad, Uttar Pradesh 201009"
S K Super Enamelled Copper Wire,Electrical supply store,011 5621 0250,,"
Shop: Wz 166, Block WZ, Basai Dara pur, Bali Nagar, Delhi, 110015",,copper earthing electrode resellers Delhi
Earthing Material Supplier HR ENGINEERING SOLUTION,084485 61247,"
Shop No. 12, near TULIP LEMON, society, Sector 69, Gurugram, Haryana 122101"
Capstan Super Enamelled Copper and Aluminium winding wire,Copper Supplier,098116 43058,,"
Tyagi Market, WZ-480E/1A, West, Block WZ, Basai Dara pur, Bali Nagar, New Delhi, Delhi, 110015",,copper earthing electrode resellers Delhi
Shallamar Electric Company l Earthing material l Electrical material supplier in gurgaon,099104 79797,"
Basai Rd, Bada Bazar, New Basti, Sector 8, Gurugram, Haryana 122001"
"Ozone India | Laxmi Hardware And Welding Material | Gurugram, Haryana",098104 98405,"
1032, 1, Old Railway Rd, near Chintapurni Mandir, Sector 7, Gurugram, Haryana 122001"
𝐕𝐨𝐥𝐭𝐦𝐞𝐧 𝐄𝐧𝐞𝐫𝐠𝐲 𝐒𝐨𝐥𝐮𝐭𝐢𝐨𝐧𝐬 𝐏𝐫𝐢𝐯𝐚𝐭𝐞 𝐋𝐢𝐦𝐢𝐭𝐞𝐝,095400 03075,"
Plot No. 324, near Sector 14, Sukhrali, Sector 17, Gurugram, Haryana 122001"
Ra-Vi Electricals,098102 46443,"
Metro Pillar No-58, Deep Shikhar Complex, Opp, Mehrauli-Gurgaon Rd, Sikanderpur Market, Sikanderpur, Nathupur, Sector 24, Gurugram, Haryana 122002"
Maruti Electrode,085954 82517,"
Maruti Electrode, 13/1/5, Industrial Area, Begumpur Khatola, Sector 35, Gurugram, Haryana 122004"
Electrotek Static Controls Private Limited,080 4873 6718,"
No.447, ESD Tower, Sector No. 37, Pace City No. 2, Industrial Area, Near Hero Honda Chowk, Gurugram, Haryana 122004"
SHIV SHAKTI BUILDING MATERIAL SUPPLIER & EARTH MOVERS,,"
Main road, nearby Shri chitragupta sr sec school, Teekli, Tikli, Gurugram, Haryana 122101"
SBM Electric Techno Pvt. Ltd.,099716 16457,"
SBM EERA COMPLEX, 1/1, Basai Rd, near NK RUBBER FACTORY, Block A, Krishna Nagar, Sector 10, Gurugram, Haryana 122001"
New Gurgaon Traders,099582 84002,"
Near Daultabad flyover, Dhanwapur Rd, Surat Nagar, Sector 104, Gurugram, Haryana 122006"
ROKSNA INDIA Pvt. Ltd.,097170 70100,"
U-205,Radha Palace, Gurudwara Road Opp: Kamla Nehru Park, Gurugram, Haryana 122001"
khushi Electricals,,"
Shop No-3 , 1st Floor, Shri Ram Market, near Shiv Mandir Chowk, Rajiv Nagar, Sector 13, Gurugram, Haryana 122001"
Shiva Sales Corporation Hardware Store,098999 06521,"
Bara Bazar, 64/16, Basai Rd, Krishna Palace, Prem Nagar, Sector 11, Gurugram, Haryana 122001"
Bhagwati Sales Corporation | electric and petrol concrete Vibrators | concrete Vibrator needles |,093152 61818,"
1571, 1, near New Railway Road, Mahavir Pura, Sanjay colony, Sector 6, Gurugram, Haryana 122001"
Bantair India Private Limited- Modular Rainwater harvesting system,099533 25100,"
Arcadia, 415 A, South City II, Sector 49, Gurugram, Fatehpur, Haryana 122018"
SINGH EARTHING SYSTEM,Electrical equipment supplier,097189 43900,,"
C-160/30, Block C Sector-45, Noida, Uttar Pradesh 201303, Noida, Uttar Pradesh 201301",https://singhearthingsystems.com/,GI earthing electrode dealers Noida
VARDAAN TRADERS,,"
306-307, Vishnu Garden Part-1, Bajghera Rd, Gurugram, Haryana 122006"
"Dorset, Hettich & Hafele - B S Hardwares",099109 91577,"
Khasra No, 405, Badshahpur Sohna Rd, opposite JMD GARDEN, Islampur Village, Sector 38, Gurugram, Haryana 122018"
JAI HIND KISHAN AGRO,093100 05055,"
Vishnu estate, 2427/3, Old Delhi Rd, opposite Ganpati Lights, Anamika Enclave, Sector 12, Gurugram, Haryana 122001"
Haryana Iron Store,098684 11322,"
Shop No. 21, Najafgarh Rd, near Bhada Mandir, Adhyapak Nagar, Naresh Park Extension, Nangloi, Delhi, 110041"
VIJAY HARDWARE AND PAINTS ELECTRICIAL STORE,070119 78312,"
Daulatabad, Gurugram, Haryana 122006"
AAYUSH ENTERPRISES,097170 87012,"
1c-16, Hardware Colony New Industrial Twp Rd, Bata B Colony, New Industrial Twp 1, New Industrial Township, Faridabad, Haryana 121001"
"K S Power Solution, Maintenance free Earthing in Noida,Chemical Earthing in Faridabad",082857 17810,"
METRO GATE NO-1, 14/4, near NH-19, near MEWLA MHARAJPUR, Pocket B, Sector 27, Faridabad, Haryana 121003"
Electrical Traders,098110 67948,"
5D/110, opposite DHBVN Office, Block D, New Industrial Twp 5, New Industrial Township, Faridabad, Haryana 121001"
Super electrical works,070116 84393,"
Fca-3122, Gali Number 4, Pocket A, Sanjay Gandhi Memorial Nagar, New Industrial Township, Faridabad, Haryana 121001"
Standard Electric Co.,0129 400 6818,"
1H, 16, Aryasamaj Rd, Nehru Ground, New Industrial Twp 1, New Industrial Township, Faridabad, Haryana 121001"
NV Electrical – Electrician | AC Repair | Wiring Service in Greenfield Colony Faridabad,075033 36203,"
Dayal Basti, Dayal Basti Village, Sector 42, Faridabad, Haryana 121010"
SUBTLE CONTROLS I PVT LTD,0129 402 9540,"
Plot No 473, Sector 68, IMT, Faridabad, Haryana 121004"
New Vijay Electricals,099993 45060,"
Main Market Rd, Sector 35, Faridabad, Haryana 121003"
LEEWO Contracts Pvt. Ltd.,0129 417 0003,"
1D/98 NIT, Faridabad, Haryana 121001"
FARIDABAD ENGINEERS,078387 56681,"
PLOT NO.1041, 2, Link Rd, near OIL MILL, HBH Colony, Old Faridabad, Faridabad, Haryana 121008"
SPKN INDIA,099995 01843,"
plot no 7, Gurukul Rd, industrial area, Sector 38, Faridabad, Haryana 121001"
S T ELECTRICALS,090152 34724,"
H no. 589, BALA JI MANDIR, Malerna Rd, Adarsh Nagar, Ballabhgarh, Faridabad, Haryana 121004"
Tanuj Power Control Pvt Ltd,099538 31258,"
BLOCK A, A-9, opposite SHAKTI PEETH SCHOOL, Sanjay Gandhi Memorial Nagar, Faridabad, Haryana 121001"
New Samrat Electronics,097101 51313,"
Abhishek Garden, 56, New Industrial Township, Faridabad, Haryana 121005"
Electric & Construction Engineers,,"
Plot Number 57, Mujesar, RS Colony, Sector 24, Faridabad, Haryana 121005"
GS ELECTROCONTROLS PVT LTD,Electrician,099998 86013,"%20info@gseindia.in, info@gseindia.in, sales.gseindia@gmail.com","
2nd floor, D-301, Sector 63 Rd, F Block, Sector 63, Noida, Chotpur, Uttar Pradesh 201301",http://www.gseindia.in/,GI earthing electrode dealers Noida
E Control Devices - Thermal Management Solutions Expert,098106 14803,"
1, Block B, Plot A2 , BPTP District, near Puri Business Hub, Sector 81, Faridabad, Haryana 121007"
Electro Automation Industries,077018 39766,"
No-3F 49, Metro Rd, Block E, New Industrial Twp 3, New Industrial Township, Faridabad, Haryana 121001"
Star Electricals,098111 29851,"
1-D, 60, New Industrial Township, Faridabad, Haryana 121001"
P.T POWER SOLUTIONS,098113 10076,"
Jiwan Colony II, Sector 53, Faridabad, Haryana 121015"
Electro Power,085888 53591,"
Bakdi-Pali road, Gali no. 1, Near pali petrol pump, near ultimate dharam kata, Faridabad, Haryana 121004"
Ennob Infraa Solution,Electrical equipment supplier,088822 22777,"enquiry@ennob.in, abhisek@ennob.in","
Plot No. 24, Surajpur - Kasna Rd, Udyog Vihar Extension, Ecotech-II, Udyog Vihar, Greater Noida, Uttar Pradesh 201306",https://www.ennob.in/,GI earthing electrode dealers Noida
Advanced Electric Company (solar ACDB and Solar DCDB),096504 07689,"
Khasra No 154/818, Puth Khurd, Delhi, 110039"
SHAKTI WINDING WIRES,098115 35859,"
56A, 9, Rama Rd, Kirti Nagar Industrial Area, Kirti Nagar, New Delhi, Delhi, 110015"
Aeron Industries,098103 74966,"
House No, 7 Extension, Block D, Sawan Park, Ashok Vihar, Delhi, 110052"
Madan Lal Nanda & Sons,098737 86175,"
3692, Chandni Chowk Rd, opp. loha bhawan, Bazar Sirkiwalan, Chawri Bazar, Chandni Chowk, Delhi, 110006"
Earthing Material Supplier HR ENGINEERING SOLUTION,Electrical equipment supplier,084485 61247,,"
Shop No. 12, near TULIP LEMON, society, Sector 69, Gurugram, Haryana 122101",,earthing material dealers Gurugram
Capstan Super Enamelled Copper and Aluminium winding wire,098116 43058,"
Tyagi Market, WZ-480E/1A, West, Block WZ, Basai Dara pur, Bali Nagar, New Delhi, Delhi, 110015"
Mohan Lal Munna Lal,080 4860 3248,"
3555, Chawri Bazar Rd, near union bank of india, Bazar Sirkiwalan, Khush Dil, Chandni Chowk, Delhi, 110006"
Shallamar Electric Company l Earthing material l Electrical material supplier in gurgaon,Electrician,099104 79797,,"
Basai Rd, Bada Bazar, New Basti, Sector 8, Gurugram, Haryana 122001",https://shallamarelectric.mapgurugram.com/,earthing material dealers Gurugram
"ANSOL PREMIER INDUSTRIES LLP, Solder wire.",099999 99752,"
Badli Industrial Area Phase 2, 78, Delhi, 110042"
A K Industries,090157 66787,"
H 11 A, Street Number 6, Block B, Brahampuri, Shahdara, Delhi, 110053"
"Ozone India | Laxmi Hardware And Welding Material | Gurugram, Haryana",Hardware store,098104 98405,customercare@ozone.in,"
1032, 1, Old Railway Rd, near Chintapurni Mandir, Sector 7, Gurugram, Haryana 122001",https://stores.ozone.in/ozone-india-laxmi-hardware-and-welding-material-gurugram-haryana-osdlr7350,earthing material dealers Gurugram
NAV DURGA METAL,080 4580 0797,"
L-215, DSIIDC Industrial Area, Sector 3, Puth Khurd Village, Delhi, 110039"
K.K Tools & Electric Corporation,080 4605 3958,"
1743-46, GF, Gali Satyavati, Satyavati, Bhagirath Palace, Chandni Chowk, Delhi, 110006"
𝐕𝐨𝐥𝐭𝐦𝐞𝐧 𝐄𝐧𝐞𝐫𝐠𝐲 𝐒𝐨𝐥𝐮𝐭𝐢𝐨𝐧𝐬 𝐏𝐫𝐢𝐯𝐚𝐭𝐞 𝐋𝐢𝐦𝐢𝐭𝐞𝐝,Solar Energy Company,095400 03075,,"
Plot No. 324, near Sector 14, Sukhrali, Sector 17, Gurugram, Haryana 122001",http://www.voltmenenergy.com/,earthing material dealers Gurugram
"tc fuse wire , Copper wire",,"
H11 ST NO 6, BRAHMPURI, Chandni Chowk, Delhi, 110006"
Reliable Winding Wires,011 2259 8786,"
48, Street No. 8 , Friends Colony Industrial Area,, G.T. Road, Shahdara, Jhilmil Colony, Delhi, 110095"
Ra-Vi Electricals,Electrical supply store,098102 46443,,"
Metro Pillar No-58, Deep Shikhar Complex, Opp, Mehrauli-Gurgaon Rd, Sikanderpur Market, Sikanderpur, Nathupur, Sector 24, Gurugram, Haryana 122002",,earthing material dealers Gurugram
Global Electrocom,,"
J29G+2G9, Old Palam Rd, Har Nagar, Sector 16, Kakrola, Delhi, 110078"
Goyal Electric Works,095821 28646,"
1541/D-34, Krishna Mkt., 1st Floor, Bhagirath Palace, More Sarai Road, Chandni Chowk, Delhi, 110006"
Metalx Winding Wire,098100 14552,"
I-43 & 64, DSIIDC Industrial Area, Sector 3, Puth Khurd, Delhi, 110039"
Maruti Electrode,Electrical equipment supplier,085954 82517,marutielectrode@gmail.com,"
Maruti Electrode, 13/1/5, Industrial Area, Begumpur Khatola, Sector 35, Gurugram, Haryana 122004",http://marutielectrode.co.in/,earthing material dealers Gurugram
Electrotek Static Controls Private Limited,Industrial equipment supplier,080 4873 6718,,"
No.447, ESD Tower, Sector No. 37, Pace City No. 2, Industrial Area, Near Hero Honda Chowk, Gurugram, Haryana 122004",http://www.staticcontrolproductsindia.com/,earthing material dealers Gurugram
GS ELECTROTECH PVT. LTD.,099900 08288,"
SP-2 C-49-50 GANESH NAGAR, Pandav Nagar, COMPLEX, Delhi 110092"
SHIV SHAKTI BUILDING MATERIAL SUPPLIER & EARTH MOVERS,Building materials supplier,,,"
Main road, nearby Shri chitragupta sr sec school, Teekli, Tikli, Gurugram, Haryana 122101",,earthing material dealers Gurugram
Mettanox Infrateck Pvt. Ltd.,011 4914 5357,"
1st Floor, Ansal Majestic Tower, 101, Block G, Vikaspuri, New Delhi, Delhi 110018"
ALLIED POWER SOLUTIONS patparganj,080 4896 9212,"
Patparganj Industrial Area, Patparganj, Delhi, 110092"
SBM Electric Techno Pvt. Ltd.,Electrical products wholesaler,099716 16457,,"
SBM EERA COMPLEX, 1/1, Basai Rd, near NK RUBBER FACTORY, Block A, Krishna Nagar, Sector 10, Gurugram, Haryana 122001",https://www.indiamart.com/sbmelectrictechno/,earthing material dealers Gurugram
TINNED COPPER FUSE WIRE,,"
F 13,A, Gali No. 7, Block K, Brahampuri, Shahdara, Delhi, 110053"
ROKSNA INDIA Pvt. Ltd.,Electrical equipment supplier,097170 70100,info@lpes.in,"
U-205,Radha Palace, Gurudwara Road Opp: Kamla Nehru Park, Gurugram, Haryana 122001",http://www.lpes.in/,earthing material dealers Gurugram
"AKAALTECH,MAINTENANCE FREE EARTHING ELECTRODES in Faridabad,COPPER BONDED UL LISTED RODS in faridabad,ese lightning arrester",099996 31369,"
E-141, Mehrauli - Badarpur Rd, Block G, Vishwakarma Colony, Pul Pehladpur, New Delhi, Delhi 110044"
New Gurgaon Traders,Hardware store,099582 84002,,"
Near Daultabad flyover, Dhanwapur Rd, Surat Nagar, Sector 104, Gurugram, Haryana 122006",,earthing material dealers Gurugram
khushi Electricals,Electrical substation,,,"
Shop No-3 , 1st Floor, Shri Ram Market, near Shiv Mandir Chowk, Rajiv Nagar, Sector 13, Gurugram, Haryana 122001",https://www.indiamart.com/khushielectricals-gurgaon/,earthing material dealers Gurugram
GS ELECTROCONTROLS PVT LTD,099998 86013,"
2nd floor, D-301, Sector 63 Rd, F Block, Sector 63, Noida, Chotpur, Uttar Pradesh 201301"
Shiva Sales Corporation Hardware Store,Hardware store,098999 06521,info@anterio.in,"
Bara Bazar, 64/16, Basai Rd, Krishna Palace, Prem Nagar, Sector 11, Gurugram, Haryana 122001",http://www.anterio.in/,earthing material dealers Gurugram
ARORA ELECTRICALS,093501 03194,"
KH-747, Near Lajwanti Palace, Meerut Rd, Ghukna, Ghaziabad, Uttar Pradesh 201003"
Sehgal Industries,080 4607 6345,"
31, Patel Marg, Ravidas Nagar, Patel Nagar 2nd, Patel Nagar, Ghaziabad, Uttar Pradesh 201001"
Bhagwati Sales Corporation | electric and petrol concrete Vibrators | concrete Vibrator needles |,Construction equipment supplier,093152 61818,,"
1571, 1, near New Railway Road, Mahavir Pura, Sanjay colony, Sector 6, Gurugram, Haryana 122001",,earthing material dealers Gurugram
VARDAAN TRADERS,Hardware store,,,"
306-307, Vishnu Garden Part-1, Bajghera Rd, Gurugram, Haryana 122006",,earthing material dealers Gurugram
Luxmi Trading Co.Chemical Earthing,098159 43388,"
Plot no 965, 2, Industrial Area Phase II, Chandigarh, 160002"
𝔹𝕒𝕝𝕒𝕛𝕚 𝕋𝕣𝕒𝕕𝕖𝕣𝕤 I Earthing Material I Copper Bonded Rod I Cable Trays I,094170 11386,"
SCO-6, Industrial Area, Phase-2, Ram Darbar, Chandigarh, 160002"
Naresh Enterprises | Chemical Earthing | CABLE TRAY | COPPER Lightning arrestor | HDPE DWC PIPES | GI & copper STRIP,094178 49952,"
Plot No.392,Industrial Area, Phase-2, Ram Darbar, Chandigarh, 160002"
Arihant Electricals,098765 55525,"
S.C.O. 59, Ekta Market, Circular Road, Burail, Sector 45C, Chandigarh, 160047"
"Dorset, Hettich & Hafele - B S Hardwares",Hardware store,099109 91577,customercare@ozone.in,"
Khasra No, 405, Badshahpur Sohna Rd, opposite JMD GARDEN, Islampur Village, Sector 38, Gurugram, Haryana 122018",https://www.ozone.in/?utm_source=Googlemaps&utm_medium=GMB,earthing material dealers Gurugram
KS Industries (chemical earthing in Ludhiana),085660 71378,"
Jaspal Banger Pawa Road, near Pannu Kanda, Ludhiana, Punjab 141016"
Haryana Iron Store,Building materials store,098684 11322,,"
Shop No. 21, Najafgarh Rd, near Bhada Mandir, Adhyapak Nagar, Naresh Park Extension, Nangloi, Delhi, 110041",,earthing material dealers Gurugram
"Shree SA Electrical - chemical earthing, chemical earthing in Ludhiana",079737 17529,"
Street No. 4, near sethi sweets, Moti Nagar, Ludhiana, Punjab 141003"
M-Tech Power Earthing,099886 60347,"
429, Sherpur Khurd - Ludhiana Rd, Near Cancer Hospital, Balsingh Nagar, Ludhiana, Punjab 141003"
"AKARSH EARTH POWER SOLUTION - chemical earthing, chemical earthing in Ludhiana",090237 31112,"
opp. Ark Machine Tools, near central bank, Transport Nagar, Industrial Area- A, Ludhiana, Punjab 141003"
RB Earthing Company,091400 73153,"
Plot No 327, Cheema Chowk, near Arun Gas Agency, Transport Nagar, Industrial Area- A, Ludhiana, Punjab 141003"
CHEMICAL Earthing,,"
Plot No. 237, near Old Police Station, Cheema Chowk, Vijay Nagar, Industrial Area- A, Ludhiana, Punjab 141008"
JAI HIND KISHAN AGRO,Garden machinery supplier,093100 05055,jhkgurgaon@gmail.com,"
Vishnu estate, 2427/3, Old Delhi Rd, opposite Ganpati Lights, Anamika Enclave, Sector 12, Gurugram, Haryana 122001",http://www.kishantools.com/,earthing material dealers Gurugram
Shubh Earthing,086199 52273,"
46, 53, Rajat Path, Mansarovar Sector 5, Mansarovar, Jaipur, Rajasthan 302020"
RESIM Copper Chemical Gel Earthing,098296 05533,"
S-1, 2nd Floor, Dealers Plaza, Jhotwara Rd, opp. City Plaza, Subash Nagar, Shastri Nagar, Jaipur, Rajasthan 302016"
BHANU URJA SOLAR GREEN ENERGY- Expert Solar Installation in Gurugram,Solar Energy Company,092116 85257,"info@bhanuurja.com, bhanuurja@gmail.com","
Shop # L-14, Radha Palace, Gurudwara Rd, opposite Kamla Nehru Park, Civil Lines, Gurugram, Haryana 122001",https://bhanuurja.com/,earthing material dealers Gurugram
Jss Earthing Solutions,098290 64964,"
Pawanpuri Benar Rd, near Nestling public school, Nangal Jaisabohra, Jaipur, Rajasthan 302012"
EARTHING SOLUTION,098280 88035,"
16, Shekhawat Marg, Saini Market, Devi Nagar, Jhotwara, Jaipur, Rajasthan 302019"
Tekman Earthing and Power Solutions Company,098874 00343,"
South Part, Sharvan Vatika, Plot No 29, Rd No.15, near BSNL Office, Vishwakarma Industrial Area, Jaipur, Rajasthan 302014"
SHREE GEETANAND ENTERPRISES,Plastic Injection Molding Workshop,098104 77872,,"
Daulatabad, Gurugram, Haryana 122006",http://shreegeetanand.com/,earthing material dealers Gurugram
Shree Sales,089529 79770,"
Plot No 37, Tonk Rd, opposite Theme Hotel, Sitabari, Sanganer, Hardev Colony, Jaipur, Rajasthan 302029"
Ashima Electrotech Pvt. Ltd.,080 4860 9996,"
G-4, B Block, Indraprastha Residency, Phule College Road, near Gayatri Public School, Nandpuri Colony, Jaipur, Rajasthan 302019"
Kishandas Enterprises,098280 88035,"
85 Salaser Vatika Nagal Puliya Jhotwara, RIICO Industrial Area, Jhotwara, Jaipur, Rajasthan 302012"
SS EARTHING,,"
XPJW+7MX, Charan Nadi Extension, Shankar Vihar Extension, Jamna Puri, Jaipur, Rajasthan 302039"
Jsr earthing solution,076918 60552,"
hanuman vatika, Plot no 35, Sushilpura, Jaipur, Rajasthan 302006"
GANPATI ENGINEERING INDUSTRIES,094140 48492,"
C-27 Industrial Estate, Bais Godam, Jaipur, Rajasthan 302006"
AAYUSH ENTERPRISES,Electrical supply store,097170 87012,,"
1c-16, Hardware Colony New Industrial Twp Rd, Bata B Colony, New Industrial Twp 1, New Industrial Township, Faridabad, Haryana 121001",,electrical earthing dealers Faridabad
iSIEMENS INDUSTRIES PVT.LTD.,099288 81724,"
Narsinghpur, V, K.l 14, PLOT NU. 24, Sikar Rd, Sangam Colony, Murlipura, Jaipur, Rajasthan 302013"
Shubh Enterprises,,"
Fifth Floor, Sunny Mart, 503, near Ganga jamuna Petrol pump, New Aatish Market, Mansarovar, Jaipur, Rajasthan 302020"
Ghiya Electricals,098290 79957,"
D-20, 80 Feet Rd, Krishna Nagar-B, Mahesh Nagar, Gopal Pura Mode, Jaipur, Rajasthan 302015"
"K S Power Solution, Maintenance free Earthing in Noida,Chemical Earthing in Faridabad",Electrical equipment supplier,082857 17810,,"
METRO GATE NO-1, 14/4, near NH-19, near MEWLA MHARAJPUR, Pocket B, Sector 27, Faridabad, Haryana 121003",https://www.kspowersolution.com/,electrical earthing dealers Faridabad
ITORRENT INDUSTRIES PVT LTD (JAIPUR),088886 12929,"
11, 202, Bhrigu Path, Sector 21, Mansarovar, Jaipur, Rajasthan 302020"
Shubh Industrial Corporation ( expert in insulation/ rock wool/ glass wool/ fire equipment/STP ETP chemicals/ earthing),063778 26125,"
Second Floor Block -A, Capital Highstreet, Apparel Park, R-TECH Capital Highstreet, A-SF12, Mahal Rd, Industrial Area, Jagatpura, Jaipur, Rajasthan 302017"
Shree Radha Govind Electricals,099507 49142,"
Shri Krishna Tower, Motilal Atal Rd, Sindhi Camp, Jaipur, Rajasthan 302001"
Grover Electric & Trading Corporation,Electrical supply store,093199 08944,,"
1D/127, Market, near Milap Dawakhana, Block D, New Industrial Twp 1, New Industrial Township, Faridabad, Haryana 121001",https://grover-electric-trading.grexa.site/,electrical earthing dealers Faridabad
Volt & Valve,082907 09786,"
P. No. 56, Jagannathpuri A, Opp Diamond Residency 200 Ft. Rd, Kalwar Rd, Jhotwara, Jaipur, Rajasthan 302012"
Electrical Traders,Electrical supply store,098110 67948,,"
5D/110, opposite DHBVN Office, Block D, New Industrial Twp 5, New Industrial Township, Faridabad, Haryana 121001",,electrical earthing dealers Faridabad
Haritsons Mintech Private Limited,080 4897 4466,"
Nandanam II, A2, Tilak Marg, C Scheme, Ashok Nagar, Jaipur, Rajasthan 302005"
Elvee Electricals,Electrical supply store,098680 78979,,"
Sec-23-24, Main Road, Lakhani, Chowk, Deep Chand Bhatia Marg, Faridabad, Haryana 121005",,electrical earthing dealers Faridabad
AGARWAL ELECTRICALS (Wholesaler in Mansarovar),087695 17747,"
22/4/1, Madhyam Marg, near Swarn Path, Sector II, Swarn Path, Shukalpura, Mansarovar, Jaipur, Rajasthan 302020"
Super electrical works,Electrical products wholesaler,070116 84393,,"
Fca-3122, Gali Number 4, Pocket A, Sanjay Gandhi Memorial Nagar, New Industrial Township, Faridabad, Haryana 121001",,electrical earthing dealers Faridabad
Punjab Electrode Industries,070092 79116,"
Ram Nagar Gali No.1, Majitha Rd, Near Bypass Chowk, Amritsar, Punjab 143004"
Standard Electric Co.,Electrical supply store,0129 400 6818,,"
1H, 16, Aryasamaj Rd, Nehru Ground, New Industrial Twp 1, New Industrial Township, Faridabad, Haryana 121001",http://www.standardelectric.co.in/,electrical earthing dealers Faridabad
King Enterprises,097804 31474,"
Ram Tirath Rd, opp. Petrol Pump, near Zone No. 5, Putligarh, Amritsar, Punjab 143001"
NATIONAL ELECTRIC TRADING CORPORATION,,"
GF, opp. BATA SHOWROOM, Hall Bazar, Katra Ahluwalia, Amritsar, Punjab 143001"
Jupiter Enterprises,0183 258 5881,"
282, 100 Feet Rd, adjoining hooter beer bar, near Gurpreet hospital, East Mohan Nagar, Amritsar, Punjab 143006"
Beltex Agencies,0183 258 1304,"
152, near B K kalsi hospital, East Mohan Nagar, Amritsar, Amritsar Cantt., Punjab 143006"
NV Electrical – Electrician | AC Repair | Wiring Service in Greenfield Colony Faridabad,Electrician,075033 36203,,"
Dayal Basti, Dayal Basti Village, Sector 42, Faridabad, Haryana 121010",https://nvelectrical.blogspot.com/,electrical earthing dealers Faridabad
SUBTLE CONTROLS I PVT LTD,Electronic parts supplier,0129 402 9540,,"
Plot No 473, Sector 68, IMT, Faridabad, Haryana 121004",http://subtlecontrols.com/?utm_source=google&utm_medium=wix_google_business_profile&utm_campaign=16091200121804606114,electrical earthing dealers Faridabad
APC Electricals LLP,096758 01743,"
UG-04, Om Complex, APC Electricals LLP Village, Pashchimpuri Rd, near Hotel SR Palace, Bodla, Jugsaina Post, Kitham, Agra, Uttar Pradesh 282007"
Shri Kishan electrical Co - Polycab Wire | RR Kable Wire | Legrend Switches | Atomberg Fans |,097192 00208,"
Shankar point, near Bank of india, near income tax building, Sanjay Palace, Sanjay Place, Civil Lines, Agra, Uttar Pradesh 282002"
Gaurav Electricals,,"
7C 1A 1B 1C, Agarwal building Material, 37/396, opp. TULSI Cinema, near RKD Library, Chandra Nagar, Nagla Padi, Agra, Uttar Pradesh 282002"
LEEWO Contracts Pvt. Ltd.,Electrical installation service,0129 417 0003,,"
1D/98 NIT, Faridabad, Haryana 121001",http://www.luxmielectricals.co.in/,electrical earthing dealers Faridabad
Schneider Electric - Bee Pee Electricals,08071 331 832,"
Emporium Complex, 22/7, Sanjay Palace, Sanjay Place, Civil Lines, Agra, Uttar Pradesh 282002"
K.J. ELECTRICAL ENTERPRISES | Best Electrical Showroom in Agra | Best Electrical Product in Agra |,096340 98777,"
6/204-A, Belanganj, Civil Lines, Agra, Uttar Pradesh 282003"
Praveen Electric Company,098372 25912,"
Shop-4,Ashok Nagar,Agra, Agra, Uttar Pradesh 282010"
"Maa Parwati Services & Solutions A Complete Electrical Services & Solutions &, Home Decor & Home Appliances Service's 🛠️💭",084759 09272,"
100 Feet Rd, near Raj Garden, Nagla Rambal, Kalindi Vihar, Agra, Uttar Pradesh 282006"
Laxmi electricals,094568 45001,"
6/4, near torrent power house, Balkeshwar Colony, Kamla Nagar, Agra, Uttar Pradesh 282005"
Shri Ji Electricals & Sons,092594 70809,"
near SBI Bank, Runkata, Agra, Uttar Pradesh 282007"
SPKN INDIA,Industrial consultant,099995 01843,"spknindia@gmail.com, purchasespknindia@gmail.com, kushagrasharma011@gmail.com","
plot no 7, Gurukul Rd, industrial area, Sector 38, Faridabad, Haryana 121001",https://www.spknindia.com/,electrical earthing dealers Faridabad
Agarwal Electricals,098972 94715,"
Vijay Market, Dayal Bagh Rd, Agra, Uttar Pradesh 282005"
HG Earthing System Pvt. Ltd,096953 79413,"
354, Kailashpuri, Agra, Uttar Pradesh 282002"
Anil Hardware and Electricals,094574 86354,"
V.I.P Rd, Kheria Moad Churaha, Arjun Nagar, Agra, Uttar Pradesh 282001"
Aayush Electricals & Power Company,098978 32637,"
11/B/46, Hathras Rd, Opp. Ravi Agriculture Industries (Manisha & Company, Foundry Nagar, Agra, Uttar Pradesh 282006"
DEV ELECTRICALS,094253 04947,"
itaura, chauraha, Kakua, Agra, Uttar Pradesh 282009"
Adwit Solar Power Private Limited,074090 37865,"
576, Sector 12D, Sector 12, Avas Vikas Colony, Sikandra, Agra, Uttar Pradesh 282002"
NCR Enterprises,Corporate office,080 4606 5554,,"
I-12, District Ct Rd, Pocket I, Sector 10 HBC, Faridabad, Haryana 121006",https://www.ncrenterprises.net/,electrical earthing dealers Faridabad
Ansari Power Control & Contractor,070604 11020,"
100 Feet Rd, Tedi Bagiya, Tedi Baghia, Agra, Uttar Pradesh 282006"
Electrical Shop in Agra | SUNIL ELECTRICALS,094106 68730,"
shop no 97 mahavir market, Chhipitola Rd, Agra, Uttar Pradesh 282001"
Electric & Construction Engineers,Electrical equipment supplier,,,"
Plot Number 57, Mujesar, RS Colony, Sector 24, Faridabad, Haryana 121005",,electrical earthing dealers Faridabad
Parmar Electrical & Engineering Services,084453 51508,"
Nagla Padi, Durga Nagar, Alka Puri Utkarsh Colony, DayalBagh, Agra, Uttar Pradesh 282005"
New Samrat Electronics,Electronics store,097101 51313,,"
Abhishek Garden, 56, New Industrial Township, Faridabad, Haryana 121005",,electrical earthing dealers Faridabad
Raja Electronics Corp.,094125 91080,"
Hari Parvat, Shop No.132 Mahatma Gandhi Road Upadhyay Market, Delhi Gate Rd, Alam Ganj, Lohamandi, Agra, Uttar Pradesh 282002"
Raj Enterprises,070887 65335,"
23, Bazar, 58A, Seth Ratanlal Jain Rd, Baldev Ganj, Sirki Mandi, Lohamandi, Agra, Uttar Pradesh 282002"
Durga Electricals,Electrical supply store,097115 73959,,"
Shop No. 1d/52, N I T Faridabad, NCR, Region, Haryana 121001",,electrical earthing dealers Faridabad
E Control Devices - Thermal Management Solutions Expert,Supplier,098106 14803,info@econtroldevices.com,"
1, Block B, Plot A2 , BPTP District, near Puri Business Hub, Sector 81, Faridabad, Haryana 121007",https://econtroldevices.com/,electrical earthing dealers Faridabad
Star Electricals,Electrical equipment supplier,098111 29851,,"
1-D, 60, New Industrial Township, Faridabad, Haryana 121001",,electrical earthing dealers Faridabad
Electro Automation Industries,Electronics Company,077018 39766,electroautomationindustries@gmail.com,"
No-3F 49, Metro Rd, Block E, New Industrial Twp 3, New Industrial Township, Faridabad, Haryana 121001",http://www.electroautomationindustries.in/,electrical earthing dealers Faridabad
P.T POWER SOLUTIONS,Electrical equipment supplier,098113 10076,,"
Jiwan Colony II, Sector 53, Faridabad, Haryana 121015",,electrical earthing dealers Faridabad
MATTA DRAWING WORKS,Steel industry,098100 35476,info@mattadrawing.com,"
Plot No. 843 SECTOR-69 IMT, Haryana 121004",http://mattadrawing.com/,electrical earthing dealers Faridabad
Advanced Electric Company (solar ACDB and Solar DCDB),Solar energy equipment supplier,096504 07689,,"
Khasra No 154/818, Puth Khurd, Delhi, 110039",http://www.advancedelectric.in/,copper bonded earthing rod dealers Delhi
Madan Lal Nanda & Sons,Metal supplier,098737 86175,info@nandametal.com,"
3692, Chandni Chowk Rd, opp. loha bhawan, Bazar Sirkiwalan, Chawri Bazar, Chandni Chowk, Delhi, 110006",http://www.nandametal.com/?utm_source=google&utm_medium=wix_google_business_profile&utm_campaign=9352805154863651823,copper bonded earthing rod dealers Delhi
Swasthi Earthing Solutions,Electrical equipment supplier,080 4801 8868,,"
A-53, Shop No. 2, GT Karnal Road Jahangirpuri, Industrial Area, Azadpur, Delhi, 110033",,copper bonded earthing rod dealers Delhi
Mohan Lal Munna Lal,Copper Supplier,080 4860 3248,,"
3555, Chawri Bazar Rd, near union bank of india, Bazar Sirkiwalan, Khush Dil, Chandni Chowk, Delhi, 110006",http://mohanlalmunnalal.com/,copper bonded earthing rod dealers Delhi
"ANSOL PREMIER INDUSTRIES LLP, Solder wire.",Industrial equipment supplier,099999 99752,sales@solderwire.co.in,"
Badli Industrial Area Phase 2, 78, Delhi, 110042",https://solderwire.co.in/,copper bonded earthing rod dealers Delhi
K.K Tools & Electric Corporation,Insulator Supplier,080 4605 3958,,"
1743-46, GF, Gali Satyavati, Satyavati, Bhagirath Palace, Chandni Chowk, Delhi, 110006",https://www.kktelec.com/,copper bonded earthing rod dealers Delhi
